Make,Model
Ford,Explorer XLT
Hyundai,Sonata SE
Jaguar,XE 25t Premium
Chevrolet,Impala LT Fleet
Chevrolet,Sonic Premier Auto
Nissan,Versa SV
Volkswagen,Passat 2.0T SE
Dodge,Charger Daytona
Kia,Optima LX
Nissan,Sentra SV
Honda,Accord Sport
Lexus,RX 450h Base
Toyota,Tacoma V6
Toyota,Highlander Limited
Honda,Civic Sport
Ford,Fusion S
Lexus,RX 350 Base
Jeep,Cherokee Limited
Hyundai,Tucson Value
Toyota,Prius Two
Honda,Accord EX-L
Ram,Pickup 1500 Laramie
Toyota,Camry LE
Nissan,LEAF S
Mercedes-Benz,C-Class C 300
Volkswagen,Jetta 1.4T S
Nissan,370Z Touring
Chevrolet,Silverado 1500 LT
Lexus,RC 350 Base
Honda,Civic EX-L
Nissan,Altima 2.5 SR
Buick,Encore Essence
Toyota,Sequoia Limited
Toyota,Camry SE
Nissan,Rogue SV
Chevrolet,Camaro LT
Subaru,Outback 2.5i
Ford,Fusion SE
Chevrolet,Malibu LT
BMW,3 Series 328d
Honda,Civic Si
Honda,Odyssey EX-L
Toyota,RAV4 Limited
Ford,F-150 XLT
Toyota,Avalon Hybrid Limited
Infiniti,Q50 Sport
Nissan,Altima 2.5 Platinum
Ford,Explorer Sport
Toyota,Camry XSE
Tesla,Model S Base
BMW,3 Series 330e iPerformance
Volvo,XC60 T6 Momentum
Dodge,Grand Caravan SXT
Kia,Sorento LX V6
Scion,tC Base
Volkswagen,Golf 1.8T S PZEV
BMW,i3 Base
Honda,Accord Touring
Nissan,LEAF SV
Toyota,4Runner SR5
BMW,X5 xDrive35i
Dodge,Grand Caravan GT
Nissan,Rogue S
Toyota,Corolla LE
Nissan,Frontier S
Toyota,Highlander XLE
Ford,Explorer Platinum
Honda,Fit EX
Mercedes-Benz,E-Class E 300
Toyota,Camry Hybrid XLE
Ford,Focus SE
Chrysler,Pacifica L
Mazda,Mazda3 i Grand Touring
Hyundai,Tucson Eco
GMC,Canyon SLT
BMW,4 Series 430i Gran Coupe
Honda,Odyssey EX
Honda,Civic LX
Honda,CR-V EX-L
Hyundai,Santa Fe SE Ultimate
Chevrolet,Cruze LT Auto
Volkswagen,Golf GTI Autobahn
Jeep,Grand Cherokee Altitude
Ford,F-150 XL
Chrysler,300 S
Volkswagen,Passat 2.0T R-Line
Nissan,Altima 2.5
Toyota,Tacoma TRD Sport
Lexus,ES 350 Base
Audi,Q5 2.0T quattro Premium
BMW,X1 xDrive28i
Nissan,Altima 2.5 SL
Dodge,Charger SXT
Ford,Bronco Sport Outer Banks
Nissan,Sentra S
Chevrolet,Equinox Premier
Nissan,Altima 2.5 S
Jeep,Compass Trailhawk
Hyundai,Elantra SE
BMW,X1 sDrive28i
Honda,Civic EX-T
Toyota,Highlander LE
GMC,Terrain SLT
Volkswagen,Jetta 1.4T SE
Infiniti,Q50 Hybrid Sport
Kia,Optima S
BMW,4 Series 428i
Infiniti,Q50 2.0T Premium
Honda,CR-V EX
Mercedes-Benz,CLA CLA 250
Dodge,Charger GT
Hyundai,Sonata Hybrid SE
Volkswagen,Jetta 1.8T SEL PZEV
Chevrolet,Cruze LT
Chevrolet,Spark 1LT CVT
Ford,Escape SE
Audi,A6 2.0T quattro Premium
Hyundai,Sonata Hybrid Base
Land,Rover Range Rover Evoque HSE
Land,Rover Range Rover Evoque Pure Plus
Kia,Soul !
Ford,EcoSport SE
Volkswagen,Touareg V6 Sport
Chrysler,Pacifica Touring L
Hyundai,Sonata Base
Subaru,Legacy 3.6R Limited
Mercedes-Benz,GLE GLE 350
Subaru,WRX Base
Smart,fortwo pure
Chevrolet,Malibu LS
Nissan,Pathfinder SL
Toyota,Corolla SE
Hyundai,Santa Fe Sport 2.4L
Dodge,Journey SE Value Package
Nissan,Altima 2.5 SV
Chevrolet,Colorado Z71
Chevrolet,Impala Premier
BMW,3 Series 320i xDrive
Buick,Enclave Leather
Acura,MDX SH-AWD w/Tech
Lexus,IS 200t Base
Subaru,WRX Premium
Mercedes-Benz,C-Class AMG C 43
Subaru,Crosstrek 2.0i Limited
Scion,tC Monogram
Infiniti,QX60 Base
Ram,Pickup 1500 Classic Tradesman
Chevrolet,Equinox LT
Ford,Expedition Limited
Ford,Flex SEL
Chevrolet,Malibu LS Fleet
Subaru,Crosstrek 2.0i Premium
Toyota,Sienna L 7-Passenger
Lexus,ES 300h Base
Mazda,Mazda6 Grand Touring Reserve
Mazda,CX-5 Touring
Nissan,Rogue Sport S
Chevrolet,Traverse LTZ
Volvo,XC60 T5 Momentum
Chevrolet,Cruze LT Diesel Auto
BMW,4 Series 440i Gran Coupe
Scion,FR-S Base
Buick,Envision Essence
Toyota,Corolla XSE
Subaru,Impreza 2.0i Sport Premium
Acura,MDX SH-AWD
Nissan,Versa Note SV
Toyota,Sienna XLE 8-Passenger
Acura,ILX 2.0L
Honda,CR-V SE
Subaru,Outback Limited
Subaru,BRZ Limited
BMW,5 Series 530e iPerformance
Mazda,Mazda5 Sport
Mazda,Mazda6 i Sport
Nissan,Armada Platinum
Ford,Focus ST
Ford,Escape Titanium
Mercedes-Benz,C-Class C 300 4MATIC
Ram,Pickup 1500 Express
Nissan,370Z Base
Hyundai,Elantra Value Edition
Honda,Accord EX
BMW,X5 xDrive35d
Toyota,Avalon XSE
Toyota,Corolla S
Mazda,Mazda3 Grand Touring
Chrysler,200 Limited
Porsche,Cayenne S Hybrid
Ford,Taurus Limited
BMW,5 Series 530i
Kia,Soul +
Lexus,NX 300 F SPORT
Audi,A3 1.8T Premium Plus
Mercedes-Benz,GLC GLC 300
Toyota,RAV4 LE
Lexus,GX 460 Luxury
Ford,Edge SEL
Honda,Accord LX
Nissan,370Z Roadster Touring
Mercedes-Benz,GLK GLK 350 4MATIC
Acura,TLX V6 w/Tech
GMC,Yukon SLT
Toyota,Yaris iA Base
Audi,Q3 2.0T quattro Premium Plus
Audi,A3 2.0T quattro Premium Plus
Ford,Fusion Titanium
Toyota,Tacoma TRD Off-Road
Honda,HR-V EX-L w/Navi
Infiniti,Q60 3.0T Premium
Mercedes-Benz,GLA GLA 250 4MATIC
Volkswagen,Passat V6 GT
Mitsubishi,Outlander Sport ES
Infiniti,JX35 Base
Chevrolet,Impala LT
Nissan,Rogue Sport SV
Mercedes-Benz,C-Class C 250 Luxury
Ram,Pickup 1500 Big Horn
Infiniti,QX70 Base
Lexus,NX 300 Base
Toyota,4Runner SR5 Premium
Honda,CR-V Touring
BMW,3 Series 328i xDrive Gran Turismo
Honda,Civic Touring
Ford,Fusion Hybrid SE
Toyota,Camry SE Nightshade
Chevrolet,Sonic LT
Honda,Fit LX
Chevrolet,Malibu Limited LT
Nissan,Maxima 3.5 S
Mazda,CX-5 Sport
Dodge,Charger R/T Scat Pack
Chevrolet,Volt LT
Toyota,Sienna SE 8-Passenger
Nissan,JUKE S
Toyota,Sienna SE Premium 8-Passenger
Toyota,RAV4 XLE
Kia,Forte GT
Dodge,Charger R/T
Lexus,UX 200 Base
Honda,Fit Sport
Mercedes-Benz,CLA CLA 250 4MATIC
Jeep,Compass Limited
Audi,A6 2.0T quattro Premium Plus
Toyota,Venza LE
Infiniti,Q50 3.0T Luxe
GMC,Canyon Base
BMW,4 Series 428i Gran Coupe
Honda,Insight EX
Nissan,Murano Platinum
Mazda,CX-5 Grand Touring
Acura,MDX Base
Mercedes-Benz,GLK GLK 350
Lexus,IS 250 Base
Ford,Fusion SEL
Volkswagen,Atlas V6 SE
Honda,Fit Base
BMW,X3 xDrive28i
Ford,Explorer Limited
Subaru,Outback 3.6R Limited
Dodge,Challenger SXT
Chevrolet,Traverse LT
Toyota,Corolla LE Eco
Volvo,XC40 T5 Momentum
BMW,X3 sDrive30i
Volkswagen,Tiguan 2.0T SE
Volvo,S60 T5 Drive-E Platinum
Lexus,NX 200t Base
Honda,Accord Hybrid EX
Kia,Sorento LX
Ford,Ranger XLT
Toyota,Sienna Limited 7-Passenger
Ford,Escape Hybrid SE
Volvo,XC90 T5 Momentum 7-Passenger
Buick,Encore Leather
Toyota,Tacoma SR
Volkswagen,Tiguan 2.0T SEL
Dodge,Journey GT
BMW,i3 s
Hyundai,Veloster 2.0L
Ford,Edge Sport
Kia,Sedona EX
Volkswagen,Golf SportWagen TSI SEL
Honda,Odyssey LX
Kia,Optima SX
Subaru,Ascent Premium 7-Passenger
Infiniti,Q50 Red Sport 400
Chevrolet,Cruze LS Auto
Volkswagen,Atlas V6 SE 4Motion
Volkswagen,Jetta 1.4T R-Line ULEV
Subaru,Crosstrek Hybrid
BMW,5 Series 535i
Mercedes-Benz,M-Class ML 350
Mitsubishi,Outlander SE
Chevrolet,Cruze 1LT Auto
Toyota,Highlander SE
Ford,Fusion Energi Titanium
Acura,MDX SH-AWD w/Advance
Kia,Sorento S V6
Buick,LaCrosse Premium 1
Toyota,RAV4 Platinum
Toyota,Sienna Limited Premium 7-Passenger
Jeep,Grand Cherokee Limited
Mazda,Mazda3 Hatchback Premium
Toyota,Prius v Two
Ford,Edge Titanium
Ford,EcoSport S
Lincoln,MKZ Hybrid Base
Audi,S4 3.0T quattro Prestige
BMW,3 Series 330i xDrive
Ford,Escape S
Chrysler,Pacifica Touring
Dodge,Journey Crossroad
Lexus,IS 350 Base
Kia,Forte LX
Chevrolet,Camaro SS
Subaru,Outback 2.5i Premium
Mercedes-Benz,E-Class E 350
Volvo,S90 T6 Momentum
Toyota,Tacoma PreRunner V6
Kia,Forte LXS
Hyundai,Sonata Sport
Hyundai,Kona SEL
Honda,Civic EX w/Honda Sensing
Nissan,Maxima 3.5 SV
Kia,Soul Base
Ram,Pickup 1500 Tradesman
Ford,Escape Hybrid SEL
Kia,Sportage LX
Kia,Optima EX
BMW,5 Series 528i
Ram,Pickup 1500 Sport
Porsche,Macan S
Lexus,RC 300 Base
Hyundai,Tucson SE
Toyota,Tundra SR
Toyota,Camry XLE
Chevrolet,Tahoe LT
Land,Rover Range Rover Evoque SE Premium
Mazda,Mazda3 Touring
Jeep,Cherokee High Altitude
Jaguar,E-PACE P250 S
Volkswagen,Golf R Base
Mazda,Mazda6 i Touring
Nissan,Sentra SR
Toyota,Sienna XLE 7-Passenger
BMW,3 Series 330i
Ford,Bronco Sport Big Bend
Toyota,Sienna LE 8-Passenger
Dodge,Journey Crossroad Plus
Jeep,Compass Altitude
Honda,Pilot EX-L
Toyota,Corolla SE Apex
Toyota,Corolla S Special Edition
Subaru,Outback 3.6R Touring
Jeep,Renegade Latitude
Lexus,RC 200t Base
Audi,A4 2.0T quattro Premium Plus
FIAT,500e Base
Honda,Accord Sport Special Edition
Chevrolet,Silverado 1500 LTZ
Jaguar,F-PACE 30t Prestige
Nissan,Versa SR
Toyota,Prius c One
Subaru,Forester 2.5i Premium
Subaru,Impreza Limited
Jeep,Cherokee Latitude
Nissan,Versa 1.6 SV
Lexus,IS 300 Base
Jeep,Renegade Sport
Toyota,Camry L
Toyota,C-HR XLE
Mazda,MX-5 Miata Grand Touring
Kia,Niro Plug-In Hybrid EX
Jaguar,F-PACE 20d Prestige
Volkswagen,Jetta 1.4T SEL SULEV
Subaru,Crosstrek Premium
Land,Rover Discovery Sport SE
Mazda,MX-5 Miata Club
Chevrolet,Cruze LS
Nissan,Maxima Platinum
Toyota,Tundra SR5
Acura,RDX w/Tech
Ford,Flex Limited
Tesla,Model 3 Standard
Mazda,CX-5 Grand Touring Reserve
Nissan,Frontier SV
Hyundai,Elantra Limited
Audi,Q5 2.0T quattro Premium Plus
Subaru,Impreza Premium
Chevrolet,Trax LT
Jaguar,XE 25t
BMW,X3 xDrive30i
Toyota,Avalon XLE Touring
Lexus,IS 250C Base
Mazda,CX-9 Grand Touring
Volkswagen,Golf Alltrack TSI S 4Motion
Chevrolet,Traverse Premier
Dodge,Challenger GT
Toyota,Prius Prime Limited
GMC,Sierra 1500 SLE
Subaru,Outback 2.5i Limited
Subaru,Forester 2.0XT Premium
Toyota,Prius Three Touring
GMC,Yukon XL Denali
Toyota,Prius One
Subaru,Forester Touring
Subaru,Impreza 2.0i Sport Limited
Toyota,Tacoma SR5 V6
Land,Rover Range Rover Evoque Prestige
Nissan,LEAF SL
Subaru,Crosstrek Sport
Chevrolet,Traverse LT Leather
Hyundai,Sonata Limited 2.0T
Volkswagen,Tiguan 2.0T Wolfsburg Edition
Cadillac,XT5 Base
Honda,Accord EX-L V6
Chrysler,Pacifica Touring-L
Jeep,Grand Cherokee Laredo
Mercedes-Benz,GL-Class GL 450 4MATIC
Jeep,Renegade Trailhawk
Nissan,Frontier PRO-4X
BMW,X3 sDrive28i
Chevrolet,Camaro LS
Infiniti,QX60 Luxe
GMC,Acadia SLT-1
Land,Rover Range Rover Evoque SE
Honda,Crosstour EX-L
Land,Rover Discovery SE
Honda,HR-V Sport
Hyundai,Accent SE
Lexus,CT 200h Premium
Volkswagen,CC Sport PZEV
Toyota,Corolla L
Audi,A3 2.0T Premium
Buick,Enclave Essence
Mazda,Mazda6 i Grand Touring
Mercedes-Benz,E-Class E 350 Luxury
Hyundai,Sonata Plug-in Hybrid Limited
Toyota,Corolla LE Eco Plus
Volkswagen,Jetta SEL PZEV
Nissan,370Z NISMO
Infiniti,QX50 Luxe
BMW,3 Series 328i
Ford,Focus RS
Lexus,NX 200t F SPORT
Nissan,Murano SV
Audi,A4 2.0T Premium
Honda,Civic EX-T w/Honda Sensing
Volkswagen,Tiguan 2.0T SE 4Motion
Chevrolet,Impala LTZ
Chevrolet,Silverado 1500 Work Truck
Honda,Pilot Touring-8P
Honda,Civic EX
Dodge,Grand Caravan R/T
Volkswagen,Routan SE
Volvo,V60 T5 Dynamic
Infiniti,QX80 Base
Toyota,RAV4 Hybrid XLE
Ford,Edge ST
Cadillac,XT5 Premium Luxury
Lincoln,MKX Reserve
Hyundai,Elantra SEL
BMW,2 Series 230i xDrive
Hyundai,Veloster Base
Volkswagen,Tiguan 2.0T S
Audi,S3 2.0T quattro Premium Plus
Hyundai,Tucson Limited
Ford,Explorer Base
Land,Rover Range Rover Sport HSE
Jeep,Cherokee Sport
Volkswagen,Jetta 1.8T Sport PZEV
Mazda,MX-5 Miata Sport
Scion,iM Base
Ford,Edge SE
Jeep,Cherokee Latitude Lux
Dodge,Charger SXT Plus
GMC,Canyon SLE
Infiniti,QX50 Essential
Toyota,Tacoma SR V6
Mercedes-Benz,GLA GLA 250
Land,Rover LR4 HSE LUX
Ford,Expedition EL Limited
Nissan,Maxima 3.5 SL
Chrysler,Pacifica LX
Toyota,Prius Prime XLE
Toyota,Corolla Hatchback XSE
Chrysler,200 C
Acura,ILX w/Premium w/A-SPEC
Jeep,Renegade Altitude
Volkswagen,Passat 2.0T SEL
Toyota,Avalon XLE Plus
Subaru,Forester 2.5i Limited
Kia,K900 Luxury V6
Toyota,Corolla S Plus
Mercedes-Benz,C-Class C 350 Sport
GMC,Acadia SLE-2
Ford,F-150 Lariat
Honda,Pilot LX
Ford,Fiesta ST
Honda,HR-V LX
Mercedes-Benz,C-Class C 250
Acura,TLX Base
Kia,Forte5 LX
Honda,Odyssey Touring Elite
Honda,Pilot Touring
GMC,Terrain SLE-1
Lexus,GS 350 Base
Kia,Sorento SX V6
Ram,Pickup 1500 SLT
Mercedes-Benz,E-Class E 350 Sport
Mercedes-Benz,C-Class C 450 AMG
Nissan,Versa 1.6 S
Dodge,Durango SXT
Lexus,ES 350 F SPORT
Nissan,Rogue SL
Chevrolet,Volt Base
Honda,Ridgeline RTS
